statement ok
CREATE TABLE t6 (v1 int primary key, v2 bigint, v3 varchar);

statement ok
CREATE MATERIALIZED VIEW mv6 AS SELECT * FROM t6;

statement ok
CREATE SINK s6 AS select mv6.v1 as v1, mv6.v2 as v2, mv6.v3 as v3 from mv6 WITH (
    connector = 'iceberg',
    type = 'upsert',
    primary_key = 'v1',
    warehouse.path = 's3://iceberg',
    s3.endpoint = 'http://127.0.0.1:9301',
    s3.access.key = 'hummockadmin',
    s3.secret.key = 'hummockadmin',
    s3.region = 'us-east-1',
    catalog.name = 'demo',
    catalog.type = 'storage',
    database.name='demo_db',
    table.name='e2e_demo_table'
);

statement ok
CREATE SOURCE iceberg_demo_source WITH (
    connector = 'iceberg',
    warehouse.path = 's3://iceberg',
    s3.endpoint = 'http://127.0.0.1:9301',
    s3.access.key = 'hummockadmin',
    s3.secret.key = 'hummockadmin',
    s3.region = 'us-east-1',
    catalog.name = 'demo',
    catalog.type = 'storage',
    database.name='demo_db',
    table.name='e2e_demo_table'
);

statement ok
INSERT INTO t6 VALUES (1, 2, '1-2'), (2, 2, '2-2'), (3, 2, '3-2'), (5, 2, '5-2'), (8, 2, '8-2'), (13, 2, '13-2'), (21, 2, '21-2');

statement ok
FLUSH;

sleep 5s

query I
select sum(record_count) from rw_iceberg_files where source_name = 'iceberg_demo_source';
----
7

query I
select count(*) from rw_iceberg_snapshots where source_name = 'iceberg_demo_source';
----
1

statement ok
INSERT INTO t6 VALUES (1, 50, '1-50');

statement ok
FLUSH;

sleep 5s

statement ok
DROP SOURCE iceberg_demo_source;

statement ok
DROP SINK s6;

statement ok
DROP MATERIALIZED VIEW mv6;

statement ok
DROP TABLE t6;
