sleep 5s

statement ok
flush;

query IT rowsort
select * from s1
----
1 11 111
2 22 222

query I rowsort
select * from mv1
----
1
2

query IT rowsort
select * from mv3
----
1 11
2 22

query TI rowsort
select * from s2
----
11 NULL
22 NULL

query T rowsort
select * from mv2
----
11
22

query TI rowsort
select * from mv4
----
11 NULL
22 NULL

query ITI rowsort
select * from mv5
----
1 11 111
2 22 222

query IT rowsort
select * from t
----
1 NULL
2 22

statement ok
alter table t add column v3 int;

query IT rowsort
select * from t
----
1 NULL NULL
2 22 NULL

statement ok
drop materialized view mv1

statement ok
drop materialized view mv2

statement ok
drop materialized view mv3

statement ok
drop materialized view mv4

statement ok
drop materialized view mv5

statement ok
drop source s1

statement ok
drop source s2